<?xml version="1.0" encoding="UTF-8"?>
<con:soapui-project name="CTI_local" resourceRoot="" soapui-version="3.0.1" abortOnError="false" runType="SEQUENTIAL" xmlns:con="http://eviware.com/soapui/config"><con:settings/><con:interface xsi:type="con:WsdlInterface" wsaVersion="NONE" name="getCTIDataSOAP" type="wsdl" bindingName="{http://www.esb.slt.lk/getCTIData/}getCTIDataSOAP" soapVersion="1_1" anonymous="optional" definition="http://localhost:7801/CustomerApplication/IVR/CTI?wsdl" xmlns:xsi="http://www.w3.org/2001/XMLSchema-instance"><con:settings/><con:definitionCache type="TEXT" rootPart="http://localhost:7801/CustomerApplication/IVR/CTI?wsdl"><con:part><con:url>http://localhost:7801/CustomerApplication/IVR/CTI?wsdl</con:url><con:content><![CDATA[<wsdl:definitions name="getCTIData" targetNamespace="http://www.esb.slt.lk/getCTIData/" xmlns:wsdl="http://schemas.xmlsoap.org/wsdl/" xmlns:soap="http://schemas.xmlsoap.org/wsdl/soap/" xmlns:tns="http://www.esb.slt.lk/getCTIData/" xmlns:xsd="http://www.w3.org/2001/XMLSchema">
  <wsdl:documentation>
    <wsdl:appinfo source="WMQI_APPINFO">
      <MRWSDLAppInfo imported="true">
        <generatedXSD location="getCTIData_InlineSchema1.xsd"/>
        <binding hasEncoding="false" imported="true" name="getCTIDataSOAP" originalBindingStyle="document"/>
      </MRWSDLAppInfo>
    </wsdl:appinfo>
  </wsdl:documentation>
  <wsdl:types>
    <xsd:schema targetNamespace="http://www.esb.slt.lk/getCTIData/">
      <xsd:include schemaLocation="http://localhost:7801/CustomerApplication/IVR/CTI?xsd=xsd0"/>
    </xsd:schema>
  </wsdl:types>
  <wsdl:types>
    <xsd:schema>
      <xsd:import namespace="http://www.esb.slt.lk/getCTIData/" schemaLocation="http://localhost:7801/CustomerApplication/IVR/CTI?xsd=xsd0"></xsd:import>
    </xsd:schema>
  </wsdl:types>
  <wsdl:message name="getCTIDataRequest">
    <wsdl:part element="tns:getCTIData" name="parameters"/>
  </wsdl:message>
  <wsdl:message name="getCTIDataResponse">
    <wsdl:part element="tns:getCTIDataResponse" name="parameters"/>
  </wsdl:message>
  <wsdl:portType name="getCTIData">
    <wsdl:operation name="getCTIData">
      <wsdl:input message="tns:getCTIDataRequest"/>
      <wsdl:output message="tns:getCTIDataResponse"/>
    </wsdl:operation>
  </wsdl:portType>
  <wsdl:binding name="getCTIDataSOAP" type="tns:getCTIData">
    <soap:binding style="document" transport="http://schemas.xmlsoap.org/soap/http"/>
    <wsdl:operation name="getCTIData">
      <soap:operation soapAction="http://www.esb.slt.lk/getCTIData/getCTIData"/>
      <wsdl:input>
        <soap:body use="literal"/>
      </wsdl:input>
      <wsdl:output>
        <soap:body use="literal"/>
      </wsdl:output>
    </wsdl:operation>
  </wsdl:binding>
  <wsdl:service name="getCTIData">
    <wsdl:port binding="tns:getCTIDataSOAP" name="getCTIDataSOAP">
      <soap:address location="http://localhost:7801/CustomerApplication/IVR/CTI"/>
    </wsdl:port>
  </wsdl:service>
</wsdl:definitions>]]></con:content><con:type>http://schemas.xmlsoap.org/wsdl/</con:type></con:part><con:part><con:url>http://localhost:7801/CustomerApplication/IVR/CTI?xsd=xsd0</con:url><con:content><![CDATA[<xsd:schema targetNamespace="http://www.esb.slt.lk/getCTIData/" xmlns:xsd="http://www.w3.org/2001/XMLSchema" xmlns:ibmSchExtn="http://www.ibm.com/schema/extensions" xmlns:soap="http://schemas.xmlsoap.org/wsdl/soap/" xmlns:tns="http://www.esb.slt.lk/getCTIData/" xmlns:wsdl="http://schemas.xmlsoap.org/wsdl/">
  <xsd:element ibmSchExtn:docRoot="true" name="getCTIData">
    <xsd:complexType>
      <xsd:sequence>
        <xsd:element name="telephoneNumber" type="xsd:string"/>
        <xsd:element name="AccountNumber" type="xsd:string"/>
        <xsd:element name="NIC" type="xsd:string"/>
      </xsd:sequence>
    </xsd:complexType>
  </xsd:element>
  <xsd:element ibmSchExtn:docRoot="true" name="getCTIDataResponse">
    <xsd:complexType>
      <xsd:sequence>
        <xsd:element name="TelephoneNumberResponse" type="xsd:string"/>
        <xsd:element name="BillingAccountNumber" type="xsd:string"></xsd:element>
        <xsd:element name="CustomerName" type="xsd:string"/>
        <xsd:element name="Address" type="xsd:string"/>
        <xsd:element name="ProductName" type="xsd:string"/>
        <xsd:element name="Status" type="xsd:string"/>
        <xsd:element name="BillInfo" type="tns:BillInfoType"/>
        <xsd:element name="TTRef" type="xsd:string"/>
        <xsd:element name="TTType" type="xsd:string"/>
      </xsd:sequence>
    </xsd:complexType>
  </xsd:element>
  <xsd:complexType name="BillInfoType">
    <xsd:sequence>
      <xsd:element name="TotalOutstanding" type="xsd:string"></xsd:element>
      <xsd:element name="LastBill" type="xsd:string"/>
      <xsd:element name="LastPayment" type="xsd:string"/>
      <xsd:element name="LastBillDate" type="xsd:string"></xsd:element>
      <xsd:element name="LastPaymentDate" type="xsd:string"></xsd:element>
      <xsd:element name="PaymentDueDate" type="xsd:string"/>
    </xsd:sequence>
  </xsd:complexType>
</xsd:schema>]]></con:content><con:type>http://www.w3.org/2001/XMLSchema</con:type></con:part></con:definitionCache><con:endpoints><con:endpoint>http://localhost:7801/CustomerApplication/IVR/CTI</con:endpoint></con:endpoints><con:operation isOneWay="false" action="http://www.esb.slt.lk/getCTIData/getCTIData" name="getCTIData" bindingOperationName="getCTIData" type="Request-Response" inputName="" receivesAttachments="false" sendsAttachments="false" anonymous="optional"><con:settings/><con:call name="Request 1"><con:settings/><con:encoding>UTF-8</con:encoding><con:endpoint>http://localhost:7801/CustomerApplication/IVR/CTI</con:endpoint><con:request><![CDATA[<soapenv:Envelope xmlns:soapenv="http://schemas.xmlsoap.org/soap/envelope/" xmlns:get="http://www.esb.slt.lk/getCTIData/">
   <soapenv:Header/>
   <soapenv:Body>
      <get:getCTIData>
         <telephoneNumber>0332274010</telephoneNumber>
         <AccountNumber>dddd</AccountNumber>
         <NIC>ddd</NIC>
      </get:getCTIData>
   </soapenv:Body>
</soapenv:Envelope>]]></con:request><con:wsaConfig mustUnderstand="NONE" version="200508" action="http://www.esb.slt.lk/getCTIData/getCTIData"/><con:wsrmConfig version="1.2"/></con:call></con:operation></con:interface><con:properties/><con:wssContainer/></con:soapui-project>