<?xml version="1.0" encoding="UTF-8"?>
<con:soapui-project name="SubmitTT_20180320" resourceRoot="" soapui-version="3.0.1" abortOnError="false" runType="SEQUENTIAL" xmlns:con="http://eviware.com/soapui/config"><con:settings/><con:interface xsi:type="con:WsdlInterface" wsaVersion="NONE" name="getIVRDataSOAP" type="wsdl" bindingName="{http://esb.slt.com.lk/getIVRData/}getIVRDataSOAP" soapVersion="1_1" anonymous="optional" definition="http://172.25.37.129:7803/CustomerApplication/IVR/SubmitTT?wsdl" xmlns:xsi="http://www.w3.org/2001/XMLSchema-instance"><con:settings/><con:definitionCache type="TEXT" rootPart="http://172.25.37.129:7803/CustomerApplication/IVR/SubmitTT?wsdl"><con:part><con:url>http://172.25.37.129:7803/CustomerApplication/IVR/SubmitTT?wsdl</con:url><con:content><![CDATA[<wsdl:definitions name="getIVRData" targetNamespace="http://esb.slt.com.lk/getIVRData/" xmlns:wsdl="http://schemas.xmlsoap.org/wsdl/" xmlns:soap="http://schemas.xmlsoap.org/wsdl/soap/" xmlns:tns="http://esb.slt.com.lk/getIVRData/" xmlns:xsd="http://www.w3.org/2001/XMLSchema">
  <wsdl:documentation>
    <wsdl:appinfo source="WMQI_APPINFO">
      <MRWSDLAppInfo imported="true">
        <generatedXSD location="getIVRData_InlineSchema1.xsd"/>
        <binding hasEncoding="false" imported="true" name="getIVRDataSOAP" originalBindingStyle="document"/>
      </MRWSDLAppInfo>
    </wsdl:appinfo>
  </wsdl:documentation>
  <wsdl:types>
    <xsd:schema targetNamespace="http://esb.slt.com.lk/getIVRData/">
      <xsd:include schemaLocation="http://172.25.37.129:7803/CustomerApplication/IVR/SubmitTT?xsd=xsd0"/>
    </xsd:schema>
  </wsdl:types>
  <wsdl:types>
    <xsd:schema>
      <xsd:import namespace="http://esb.slt.com.lk/getIVRData/" schemaLocation="http://172.25.37.129:7803/CustomerApplication/IVR/SubmitTT?xsd=xsd0"></xsd:import>
    </xsd:schema>
  </wsdl:types>
  <wsdl:message name="getIVRDataRequest">
    <wsdl:part element="tns:getIVRData" name="parameters"/>
  </wsdl:message>
  <wsdl:message name="getIVRDataResponse">
    <wsdl:part element="tns:getIVRDataResponse" name="parameters"/>
  </wsdl:message>
  <wsdl:portType name="getIVRData">
    <wsdl:operation name="getIVRData">
      <wsdl:input message="tns:getIVRDataRequest"/>
      <wsdl:output message="tns:getIVRDataResponse"/>
    </wsdl:operation>
  </wsdl:portType>
  <wsdl:binding name="getIVRDataSOAP" type="tns:getIVRData">
    <soap:binding style="document" transport="http://schemas.xmlsoap.org/soap/http"/>
    <wsdl:operation name="getIVRData">
      <soap:operation soapAction="http://esb.slt.com.lk/getIVRData/getIVRData"/>
      <wsdl:input>
        <soap:body use="literal"/>
      </wsdl:input>
      <wsdl:output>
        <soap:body use="literal"/>
      </wsdl:output>
    </wsdl:operation>
  </wsdl:binding>
  <wsdl:service name="getIVRData">
    <wsdl:port binding="tns:getIVRDataSOAP" name="getIVRDataSOAP">
      <soap:address location="http://172.25.37.129:7803/CustomerApplication/IVR/SubmitTT"/>
    </wsdl:port>
  </wsdl:service>
</wsdl:definitions>]]></con:content><con:type>http://schemas.xmlsoap.org/wsdl/</con:type></con:part><con:part><con:url>http://172.25.37.129:7803/CustomerApplication/IVR/SubmitTT?xsd=xsd0</con:url><con:content><![CDATA[<xsd:schema targetNamespace="http://esb.slt.com.lk/getIVRData/" xmlns:xsd="http://www.w3.org/2001/XMLSchema" xmlns:ibmSchExtn="http://www.ibm.com/schema/extensions" xmlns:soap="http://schemas.xmlsoap.org/wsdl/soap/" xmlns:tns="http://esb.slt.com.lk/getIVRData/" xmlns:wsdl="http://schemas.xmlsoap.org/wsdl/">
  <xsd:element ibmSchExtn:docRoot="true" name="getIVRData">
    <xsd:complexType>
      <xsd:sequence>
        <xsd:element name="FaultyTelephoneNumber" type="xsd:string"/>
        <xsd:element name="ServiceOptions" type="xsd:string"/>
        <xsd:element name="ContactNumber" type="xsd:string"/>
        <xsd:element name="CLI" type="xsd:string"/>
        <xsd:element name="Source" type="xsd:string"/>
      </xsd:sequence>
    </xsd:complexType>
  </xsd:element>
  <xsd:element ibmSchExtn:docRoot="true" name="getIVRDataResponse">
    <xsd:complexType>
      <xsd:sequence>
        <xsd:element name="TT_ID" type="xsd:string"/>
        <xsd:element name="MessageCode" type="xsd:string"/>
        <xsd:element name="Message" type="xsd:string"/>
      </xsd:sequence>
    </xsd:complexType>
  </xsd:element>
</xsd:schema>]]></con:content><con:type>http://www.w3.org/2001/XMLSchema</con:type></con:part></con:definitionCache><con:endpoints><con:endpoint>http://localhost:7801/CustomerApplication/IVR/SubmitTT</con:endpoint></con:endpoints><con:operation isOneWay="false" action="http://esb.slt.com.lk/getIVRData/getIVRData" name="getIVRData" bindingOperationName="getIVRData" type="Request-Response" inputName="" receivesAttachments="false" sendsAttachments="false" anonymous="optional"><con:settings/><con:call name="Request 1"><con:settings/><con:encoding>UTF-8</con:encoding><con:endpoint>http://localhost:7801/CustomerApplication/IVR/SubmitTT</con:endpoint><con:request><![CDATA[<soapenv:Envelope xmlns:soapenv="http://schemas.xmlsoap.org/soap/envelope/" xmlns:get="http://esb.slt.com.lk/getIVRData/">
   <soapenv:Header/>
   <soapenv:Body>
      <get:getIVRData>
         <FaultyTelephoneNumber>0112502782</FaultyTelephoneNumber>
         <ServiceOptions>3</ServiceOptions>
         <ContactNumber>07181785098</ContactNumber>
         <CLI>07181785098</CLI>
         <Source>ivr</Source>
      </get:getIVRData>
   </soapenv:Body>
</soapenv:Envelope>]]></con:request><con:wsaConfig mustUnderstand="NONE" version="200508" action="http://esb.slt.com.lk/getIVRData/getIVRData"/><con:wsrmConfig version="1.2"/></con:call></con:operation></con:interface><con:properties/><con:wssContainer/></con:soapui-project>