<?xml version="1.0" encoding="UTF-8"?>
<con:soapui-project name="SubmitBillInquiry_IVR_20180" resourceRoot="" soapui-version="3.0.1" abortOnError="false" runType="SEQUENTIAL" xmlns:con="http://eviware.com/soapui/config"><con:settings/><con:interface xsi:type="con:WsdlInterface" wsaVersion="NONE" name="SubmitBillInquirySOAP" type="wsdl" bindingName="{http://esb.slt.lk/SubmitBillInquiry/}SubmitBillInquirySOAP" soapVersion="1_1" anonymous="optional" definition="http://172.25.37.129:7803/CustomerApplication/IVR/SubmitBillInquiry?wsdl" xmlns:xsi="http://www.w3.org/2001/XMLSchema-instance"><con:settings/><con:definitionCache type="TEXT" rootPart="http://172.25.37.129:7803/CustomerApplication/IVR/SubmitBillInquiry?wsdl"><con:part><con:url>http://172.25.37.129:7803/CustomerApplication/IVR/SubmitBillInquiry?wsdl</con:url><con:content><![CDATA[<wsdl:definitions name="SubmitBillInquiry" targetNamespace="http://esb.slt.lk/SubmitBillInquiry/" xmlns:wsdl="http://schemas.xmlsoap.org/wsdl/" xmlns:soap="http://schemas.xmlsoap.org/wsdl/soap/" xmlns:tns="http://esb.slt.lk/SubmitBillInquiry/" xmlns:xsd="http://www.w3.org/2001/XMLSchema">
  <wsdl:documentation>
    <wsdl:appinfo source="WMQI_APPINFO">
      <MRWSDLAppInfo imported="true">
        <binding hasEncoding="false" imported="true" name="SubmitBillInquirySOAP" originalBindingStyle="document"/>
      </MRWSDLAppInfo>
    </wsdl:appinfo>
  </wsdl:documentation>
  <wsdl:types>
    <xsd:schema>
      <xsd:import namespace="http://esb.slt.lk/SubmitBillInquiry/" schemaLocation="http://172.25.37.129:7803/CustomerApplication/IVR/SubmitBillInquiry?xsd=xsd0"/>
    </xsd:schema>
  </wsdl:types>
  <wsdl:message name="submitBillInquiryRequest">
    <wsdl:part element="tns:submitBillInquiry" name="parameters"/>
  </wsdl:message>
  <wsdl:message name="submitBillInquiryResponse">
    <wsdl:part element="tns:submitBillInquiryResponse" name="parameters"/>
  </wsdl:message>
  <wsdl:portType name="getBillInquiry_IVR">
    <wsdl:operation name="submitBillInquiry">
      <wsdl:input message="tns:submitBillInquiryRequest"/>
      <wsdl:output message="tns:submitBillInquiryResponse"/>
    </wsdl:operation>
  </wsdl:portType>
  <wsdl:binding name="SubmitBillInquirySOAP" type="tns:getBillInquiry_IVR">
    <soap:binding style="document" transport="http://schemas.xmlsoap.org/soap/http"/>
    <wsdl:operation name="submitBillInquiry">
      <soap:operation soapAction="http://esb.slt.lk/SubmitBillInquiry/submitBillInquiry"/>
      <wsdl:input>
        <soap:body use="literal"/>
      </wsdl:input>
      <wsdl:output>
        <soap:body use="literal"/>
      </wsdl:output>
    </wsdl:operation>
  </wsdl:binding>
  <wsdl:service name="SubmitBillInquiry">
    <wsdl:port binding="tns:SubmitBillInquirySOAP" name="SubmitBillInquirySOAP">
      <soap:address location="http://172.25.37.129:7803/CustomerApplication/IVR/SubmitBillInquiry"/>
    </wsdl:port>
  </wsdl:service>
</wsdl:definitions>]]></con:content><con:type>http://schemas.xmlsoap.org/wsdl/</con:type></con:part><con:part><con:url>http://172.25.37.129:7803/CustomerApplication/IVR/SubmitBillInquiry?xsd=xsd0</con:url><con:content><![CDATA[<xsd:schema targetNamespace="http://esb.slt.lk/SubmitBillInquiry/" xmlns:xsd="http://www.w3.org/2001/XMLSchema" xmlns:ibmSchExtn="http://www.ibm.com/schema/extensions" xmlns:soap="http://schemas.xmlsoap.org/wsdl/soap/" xmlns:tns="http://esb.slt.lk/SubmitBillInquiry/" xmlns:wsdl="http://schemas.xmlsoap.org/wsdl/">
  <xsd:element ibmSchExtn:docRoot="true" name="submitBillInquiry">
    <xsd:complexType>
      <xsd:sequence>
        <xsd:element name="AccountNumber" type="xsd:string"/>
        <xsd:element name="TelephoneNumber" type="xsd:string"/>
        <xsd:element name="NIC" type="xsd:string"/>
        <xsd:element name="MaxCount" type="xsd:string"/>
        <xsd:element name="Source" type="xsd:string"/>
      </xsd:sequence>
    </xsd:complexType>
  </xsd:element>
  <xsd:element ibmSchExtn:docRoot="true" name="submitBillInquiryResponse">
    <xsd:complexType>
      <xsd:sequence>
        <xsd:element maxOccurs="unbounded" minOccurs="0" name="ListofBillingInquiry" type="tns:ListofBillingInquiryType"/>
        <xsd:element name="Validity" type="xsd:string"/>
        <xsd:element name="MessageCode" type="xsd:string"/>
        <xsd:element name="Message" type="xsd:string"/>
      </xsd:sequence>
    </xsd:complexType>
  </xsd:element>
  <xsd:complexType name="ListofBillingInquiryType">
    <xsd:sequence>
      <xsd:element name="LastPaymentAmount" type="xsd:string"/>
      <xsd:element name="OutstandingBalance" type="xsd:string"/>
      <xsd:element name="BillAmount" type="xsd:string"/>
      <xsd:element name="LastPaymentDate" type="xsd:string"/>
      <xsd:element name="LastBillDate" type="xsd:string"/>
      <xsd:element name="PaymentDueDate" type="xsd:string"/>
    </xsd:sequence>
  </xsd:complexType>
</xsd:schema>]]></con:content><con:type>http://www.w3.org/2001/XMLSchema</con:type></con:part></con:definitionCache><con:endpoints><con:endpoint>http://172.25.37.129:7803/CustomerApplication/IVR/SubmitBillInquiry</con:endpoint></con:endpoints><con:operation isOneWay="false" action="http://esb.slt.lk/SubmitBillInquiry/submitBillInquiry" name="submitBillInquiry" bindingOperationName="submitBillInquiry" type="Request-Response" inputName="" receivesAttachments="false" sendsAttachments="false" anonymous="optional"><con:settings/><con:call name="Request 1"><con:settings/><con:encoding>UTF-8</con:encoding><con:endpoint>http://172.25.37.129:7803/CustomerApplication/IVR/SubmitBillInquiry</con:endpoint><con:request><![CDATA[<soapenv:Envelope xmlns:soapenv="http://schemas.xmlsoap.org/soap/envelope/" xmlns:sub="http://esb.slt.lk/SubmitBillInquiry/">
   <soapenv:Header/>
   <soapenv:Body>
      <sub:submitBillInquiry>
         <AccountNumber></AccountNumber>
         <TelephoneNumber>0112502782</TelephoneNumber>
         <NIC></NIC>
         <MaxCount></MaxCount>
         <Source>ivr</Source>
      </sub:submitBillInquiry>
   </soapenv:Body>
</soapenv:Envelope>]]></con:request><con:wsaConfig mustUnderstand="NONE" version="200508" action="http://esb.slt.lk/SubmitBillInquiry/submitBillInquiry"/><con:wsrmConfig version="1.2"/></con:call></con:operation></con:interface><con:properties/><con:wssContainer/></con:soapui-project>